student_id,day
STU0001,Friday
STU0005,Friday
STU0006,Friday
STU0011,Friday
STU0012,Friday
STU0013,Friday
STU0020,Friday
STU0023,Friday
STU0024,Friday
STU0032,Friday
STU0035,Friday
STU0037,Friday
STU0038,Friday
STU0040,Friday
STU0046,Friday
STU0047,Friday
STU0053,Friday
STU0054,Friday
STU0058,Friday
STU0059,Friday
STU0062,Friday
STU0066,Friday
STU0072,Friday
STU0074,Friday
STU0075,Friday
STU0076,Friday
STU0077,Friday
STU0080,Friday
STU0083,Friday
STU0091,Friday
STU0092,Friday
STU0093,Friday
STU0094,Friday
STU0099,Friday
STU0105,Friday
STU0108,Friday
STU0110,Friday
STU0111,Friday
STU0112,Friday
STU0113,Friday
STU0116,Friday
STU0118,Friday
STU0120,Friday
STU0121,Friday
STU0139,Friday
STU0141,Friday
STU0144,Friday
STU0148,Friday
STU0150,Friday
STU0152,Friday
STU0153,Friday
STU0154,Friday
STU0157,Friday
STU0172,Friday
STU0173,Friday
STU0174,Friday
STU0176,Friday
STU0179,Friday
STU0180,Friday
STU0181,Friday
STU0183,Friday
STU0189,Friday
STU0190,Friday
STU0192,Friday
STU0193,Friday
STU0194,Friday
STU0195,Friday
STU0197,Friday
STU0000,Friday
STU0001,Friday
STU0003,Friday
STU0007,Friday
STU0009,Friday
STU0010,Friday
STU0011,Friday
STU0012,Friday
STU0013,Friday
STU0014,Friday
STU0015,Friday
STU0019,Friday
STU0021,Friday
STU0022,Friday
STU0025,Friday
STU0026,Friday
STU0027,Friday
STU0030,Friday
STU0031,Friday
STU0034,Friday
STU0039,Friday
STU0044,Friday
STU0045,Friday
STU0046,Friday
STU0047,Friday
STU0050,Friday
STU0052,Friday
STU0053,Friday
STU0054,Friday
STU0055,Friday
STU0056,Friday
STU0057,Friday
STU0058,Friday
STU0059,Friday
STU0064,Friday
STU0065,Friday
STU0073,Friday
STU0074,Friday
STU0075,Friday
STU0077,Friday
STU0078,Friday
STU0079,Friday
STU0081,Friday
STU0084,Friday
STU0086,Friday
STU0087,Friday
STU0091,Friday
STU0099,Friday
STU0110,Friday
STU0111,Friday
STU0115,Friday
STU0120,Friday
STU0121,Friday
STU0122,Friday
STU0124,Friday
STU0127,Friday
STU0128,Friday
STU0131,Friday
STU0134,Friday
STU0135,Friday
STU0136,Friday
STU0146,Friday
STU0147,Friday
STU0152,Friday
STU0153,Friday
STU0154,Friday
STU0159,Friday
STU0161,Friday
STU0165,Friday
STU0168,Friday
STU0169,Friday
STU0173,Friday
STU0176,Friday
STU0177,Friday
STU0181,Friday
STU0182,Friday
STU0184,Friday
STU0185,Friday
STU0186,Friday
STU0192,Friday
STU0195,Friday
STU0197,Friday
STU0002,Friday
STU0003,Friday
STU0004,Friday
STU0005,Friday
STU0008,Friday
STU0009,Friday
STU0010,Friday
STU0011,Friday
STU0014,Friday
STU0015,Friday
STU0016,Friday
STU0022,Friday
STU0024,Friday
STU0028,Friday
STU0030,Friday
STU0034,Friday
STU0035,Friday
STU0037,Friday
STU0039,Friday
STU0040,Friday
STU0043,Friday
STU0044,Friday
STU0045,Friday
STU0046,Friday
STU0050,Friday
STU0053,Friday
STU0054,Friday
STU0058,Friday
STU0061,Friday
STU0062,Friday
STU0063,Friday
STU0066,Friday
STU0071,Friday
STU0077,Friday
STU0078,Friday
STU0079,Friday
STU0080,Friday
STU0083,Friday
STU0084,Friday
STU0087,Friday
STU0102,Friday
STU0104,Friday
STU0105,Friday
STU0106,Friday
STU0110,Friday
STU0112,Friday
STU0118,Friday
STU0119,Friday
STU0120,Friday
STU0124,Friday
STU0125,Friday
STU0128,Friday
STU0129,Friday
STU0134,Friday
STU0141,Friday
STU0145,Friday
STU0152,Friday
STU0153,Friday
STU0157,Friday
STU0159,Friday
STU0161,Friday
STU0166,Friday
STU0174,Friday
STU0175,Friday
STU0181,Friday
STU0182,Friday
STU0184,Friday
STU0187,Friday
STU0188,Friday
STU0193,Friday
STU0195,Friday
STU0197,Friday
STU0005,Friday
STU0007,Friday
STU0010,Friday
STU0013,Friday
STU0015,Friday
STU0016,Friday
STU0019,Friday
STU0024,Friday
STU0025,Friday
STU0026,Friday
STU0028,Friday
STU0033,Friday
STU0035,Friday
STU0043,Friday
STU0044,Friday
STU0047,Friday
STU0050,Friday
STU0051,Friday
STU0052,Friday
STU0056,Friday
STU0060,Friday
STU0063,Friday
STU0064,Friday
STU0066,Friday
STU0067,Friday
STU0069,Friday
STU0072,Friday
STU0073,Friday
STU0074,Friday
STU0076,Friday
STU0079,Friday
STU0081,Friday
STU0083,Friday
STU0084,Friday
STU0086,Friday
STU0087,Friday
STU0088,Friday
STU0091,Friday
STU0092,Friday
STU0093,Friday
STU0096,Friday
STU0097,Friday
STU0098,Friday
STU0101,Friday
STU0107,Friday
STU0111,Friday
STU0115,Friday
STU0118,Friday
STU0119,Friday
STU0121,Friday
STU0122,Friday
STU0124,Friday
STU0129,Friday
STU0134,Friday
STU0139,Friday
STU0140,Friday
STU0141,Friday
STU0143,Friday
STU0146,Friday
STU0147,Friday
STU0149,Friday
STU0158,Friday
STU0159,Friday
STU0160,Friday
STU0162,Friday
STU0163,Friday
STU0165,Friday
STU0167,Friday
STU0169,Friday
STU0170,Friday
STU0171,Friday
STU0172,Friday
STU0173,Friday
STU0174,Friday
STU0182,Friday
STU0185,Friday
STU0186,Friday
STU0191,Friday
STU0193,Friday
STU0197,Friday
STU0000,Friday
STU0001,Friday
STU0002,Friday
STU0010,Friday
STU0011,Friday
STU0012,Friday
STU0016,Friday
STU0021,Friday
STU0022,Friday
STU0024,Friday
STU0026,Friday
STU0027,Friday
STU0029,Friday
STU0031,Friday
STU0038,Friday
STU0041,Friday
STU0042,Friday
STU0045,Friday
STU0046,Friday
STU0049,Friday
STU0054,Friday
STU0055,Friday
STU0058,Friday
STU0061,Friday
STU0062,Friday
STU0063,Friday
STU0066,Friday
STU0068,Friday
STU0070,Friday
STU0077,Friday
STU0078,Friday
STU0080,Friday
STU0083,Friday
STU0084,Friday
STU0085,Friday
STU0086,Friday
STU0088,Friday
STU0092,Friday
STU0093,Friday
STU0095,Friday
STU0098,Friday
STU0100,Friday
STU0101,Friday
STU0102,Friday
STU0105,Friday
STU0109,Friday
STU0114,Friday
STU0115,Friday
STU0116,Friday
STU0117,Friday
STU0118,Friday
STU0120,Friday
STU0121,Friday
STU0123,Friday
STU0125,Friday
STU0128,Friday
STU0132,Friday
STU0133,Friday
STU0139,Friday
STU0140,Friday
STU0141,Friday
STU0142,Friday
STU0144,Friday
STU0152,Friday
STU0154,Friday
STU0158,Friday
STU0161,Friday
STU0162,Friday
STU0166,Friday
STU0168,Friday
STU0175,Friday
STU0177,Friday
STU0181,Friday
STU0183,Friday
STU0188,Friday
STU0190,Friday
STU0193,Friday
STU0195,Friday
STU0196,Friday
STU0198,Friday
STU0199,Friday
STU0000,Monday
STU0006,Monday
STU0008,Monday
STU0012,Monday
STU0014,Monday
STU0017,Monday
STU0019,Monday
STU0023,Monday
STU0025,Monday
STU0026,Monday
STU0029,Monday
STU0030,Monday
STU0031,Monday
STU0032,Monday
STU0033,Monday
STU0043,Monday
STU0044,Monday
STU0045,Monday
STU0047,Monday
STU0048,Monday
STU0051,Monday
STU0052,Monday
STU0056,Monday
STU0058,Monday
STU0061,Monday
STU0063,Monday
STU0065,Monday
STU0068,Monday
STU0069,Monday
STU0070,Monday
STU0073,Monday
STU0075,Monday
STU0076,Monday
STU0079,Monday
STU0080,Monday
STU0084,Monday
STU0088,Monday
STU0090,Monday
STU0092,Monday
STU0093,Monday
STU0095,Monday
STU0096,Monday
STU0099,Monday
STU0100,Monday
STU0102,Monday
STU0103,Monday
STU0106,Monday
STU0108,Monday
STU0109,Monday
STU0111,Monday
STU0112,Monday
STU0113,Monday
STU0120,Monday
STU0121,Monday
STU0122,Monday
STU0124,Monday
STU0131,Monday
STU0132,Monday
STU0134,Monday
STU0135,Monday
STU0138,Monday
STU0139,Monday
STU0144,Monday
STU0149,Monday
STU0150,Monday
STU0151,Monday
STU0152,Monday
STU0156,Monday
STU0157,Monday
STU0166,Monday
STU0168,Monday
STU0170,Monday
STU0173,Monday
STU0174,Monday
STU0175,Monday
STU0177,Monday
STU0178,Monday
STU0179,Monday
STU0180,Monday
STU0183,Monday
STU0184,Monday
STU0188,Monday
STU0191,Monday
STU0192,Monday
STU0194,Monday
STU0195,Monday
STU0196,Monday
STU0198,Monday
STU0199,Monday
STU0003,Monday
STU0005,Monday
STU0008,Monday
STU0009,Monday
STU0010,Monday
STU0011,Monday
STU0014,Monday
STU0017,Monday
STU0018,Monday
STU0019,Monday
STU0020,Monday
STU0021,Monday
STU0022,Monday
STU0027,Monday
STU0028,Monday
STU0029,Monday
STU0030,Monday
STU0033,Monday
STU0038,Monday
STU0039,Monday
STU0040,Monday
STU0045,Monday
STU0047,Monday
STU0048,Monday
STU0051,Monday
STU0052,Monday
STU0054,Monday
STU0056,Monday
STU0057,Monday
STU0059,Monday
STU0063,Monday
STU0066,Monday
STU0070,Monday
STU0072,Monday
STU0074,Monday
STU0076,Monday
STU0078,Monday
STU0079,Monday
STU0083,Monday
STU0086,Monday
STU0087,Monday
STU0089,Monday
STU0090,Monday
STU0091,Monday
STU0093,Monday
STU0095,Monday
STU0096,Monday
STU0097,Monday
STU0098,Monday
STU0099,Monday
STU0105,Monday
STU0108,Monday
STU0109,Monday
STU0114,Monday
STU0115,Monday
STU0118,Monday
STU0119,Monday
STU0121,Monday
STU0122,Monday
STU0124,Monday
STU0125,Monday
STU0128,Monday
STU0130,Monday
STU0131,Monday
STU0132,Monday
STU0133,Monday
STU0136,Monday
STU0142,Monday
STU0146,Monday
STU0150,Monday
STU0151,Monday
STU0153,Monday
STU0154,Monday
STU0156,Monday
STU0158,Monday
STU0160,Monday
STU0166,Monday
STU0167,Monday
STU0168,Monday
STU0171,Monday
STU0173,Monday
STU0176,Monday
STU0178,Monday
STU0181,Monday
STU0182,Monday
STU0186,Monday
STU0187,Monday
STU0193,Monday
STU0196,Monday
STU0002,Monday
STU0008,Monday
STU0010,Monday
STU0011,Monday
STU0013,Monday
STU0014,Monday
STU0015,Monday
STU0016,Monday
STU0018,Monday
STU0020,Monday
STU0022,Monday
STU0026,Monday
STU0029,Monday
STU0030,Monday
STU0032,Monday
STU0033,Monday
STU0036,Monday
STU0037,Monday
STU0038,Monday
STU0039,Monday
STU0042,Monday
STU0043,Monday
STU0045,Monday
STU0049,Monday
STU0050,Monday
STU0052,Monday
STU0057,Monday
STU0061,Monday
STU0063,Monday
STU0065,Monday
STU0068,Monday
STU0071,Monday
STU0072,Monday
STU0078,Monday
STU0085,Monday
STU0086,Monday
STU0090,Monday
STU0091,Monday
STU0094,Monday
STU0095,Monday
STU0097,Monday
STU0098,Monday
STU0101,Monday
STU0105,Monday
STU0106,Monday
STU0107,Monday
STU0108,Monday
STU0111,Monday
STU0117,Monday
STU0118,Monday
STU0127,Monday
STU0130,Monday
STU0133,Monday
STU0134,Monday
STU0135,Monday
STU0138,Monday
STU0140,Monday
STU0143,Monday
STU0144,Monday
STU0149,Monday
STU0151,Monday
STU0153,Monday
STU0154,Monday
STU0155,Monday
STU0157,Monday
STU0161,Monday
STU0164,Monday
STU0165,Monday
STU0166,Monday
STU0167,Monday
STU0168,Monday
STU0173,Monday
STU0176,Monday
STU0177,Monday
STU0178,Monday
STU0182,Monday
STU0184,Monday
STU0186,Monday
STU0189,Monday
STU0194,Monday
STU0196,Monday
STU0198,Monday
STU0199,Monday
STU0002,Monday
STU0004,Monday
STU0005,Monday
STU0011,Monday
STU0013,Monday
STU0015,Monday
STU0018,Monday
STU0020,Monday
STU0021,Monday
STU0022,Monday
STU0024,Monday
STU0025,Monday
STU0026,Monday
STU0027,Monday
STU0033,Monday
STU0042,Monday
STU0043,Monday
STU0044,Monday
STU0047,Monday
STU0048,Monday
STU0050,Monday
STU0052,Monday
STU0053,Monday
STU0054,Monday
STU0055,Monday
STU0057,Monday
STU0058,Monday
STU0065,Monday
STU0068,Monday
STU0070,Monday
STU0076,Monday
STU0077,Monday
STU0078,Monday
STU0079,Monday
STU0080,Monday
STU0081,Monday
STU0082,Monday
STU0083,Monday
STU0090,Monday
STU0091,Monday
STU0093,Monday
STU0095,Monday
STU0100,Monday
STU0105,Monday
STU0108,Monday
STU0111,Monday
STU0112,Monday
STU0118,Monday
STU0120,Monday
STU0121,Monday
STU0124,Monday
STU0125,Monday
STU0129,Monday
STU0131,Monday
STU0133,Monday
STU0134,Monday
STU0136,Monday
STU0142,Monday
STU0144,Monday
STU0146,Monday
STU0148,Monday
STU0151,Monday
STU0152,Monday
STU0155,Monday
STU0156,Monday
STU0159,Monday
STU0161,Monday
STU0163,Monday
STU0164,Monday
STU0165,Monday
STU0176,Monday
STU0183,Monday
STU0185,Monday
STU0187,Monday
STU0189,Monday
STU0190,Monday
STU0194,Monday
STU0196,Monday
STU0198,Monday
STU0000,Monday
STU0001,Monday
STU0002,Monday
STU0003,Monday
STU0005,Monday
STU0007,Monday
STU0009,Monday
STU0010,Monday
STU0011,Monday
STU0012,Monday
STU0016,Monday
STU0017,Monday
STU0018,Monday
STU0028,Monday
STU0029,Monday
STU0031,Monday
STU0033,Monday
STU0035,Monday
STU0038,Monday
STU0041,Monday
STU0042,Monday
STU0043,Monday
STU0056,Monday
STU0057,Monday
STU0059,Monday
STU0062,Monday
STU0064,Monday
STU0065,Monday
STU0066,Monday
STU0069,Monday
STU0071,Monday
STU0077,Monday
STU0079,Monday
STU0081,Monday
STU0087,Monday
STU0088,Monday
STU0089,Monday
STU0093,Monday
STU0096,Monday
STU0097,Monday
STU0098,Monday
STU0103,Monday
STU0107,Monday
STU0108,Monday
STU0110,Monday
STU0111,Monday
STU0112,Monday
STU0115,Monday
STU0125,Monday
STU0126,Monday
STU0127,Monday
STU0131,Monday
STU0132,Monday
STU0137,Monday
STU0141,Monday
STU0144,Monday
STU0145,Monday
STU0149,Monday
STU0152,Monday
STU0158,Monday
STU0160,Monday
STU0164,Monday
STU0169,Monday
STU0177,Monday
STU0178,Monday
STU0190,Monday
STU0194,Monday
STU0196,Monday
STU0199,Monday
STU0001,Thursday
STU0002,Thursday
STU0006,Thursday
STU0007,Thursday
STU0008,Thursday
STU0010,Thursday
STU0011,Thursday
STU0012,Thursday
STU0013,Thursday
STU0017,Thursday
STU0018,Thursday
STU0021,Thursday
STU0022,Thursday
STU0024,Thursday
STU0026,Thursday
STU0027,Thursday
STU0035,Thursday
STU0036,Thursday
STU0039,Thursday
STU0040,Thursday
STU0043,Thursday
STU0044,Thursday
STU0047,Thursday
STU0048,Thursday
STU0049,Thursday
STU0053,Thursday
STU0063,Thursday
STU0064,Thursday
STU0065,Thursday
STU0066,Thursday
STU0071,Thursday
STU0076,Thursday
STU0078,Thursday
STU0080,Thursday
STU0082,Thursday
STU0085,Thursday
STU0095,Thursday
STU0098,Thursday
STU0100,Thursday
STU0101,Thursday
STU0103,Thursday
STU0106,Thursday
STU0107,Thursday
STU0109,Thursday
STU0113,Thursday
STU0114,Thursday
STU0116,Thursday
STU0119,Thursday
STU0121,Thursday
STU0123,Thursday
STU0128,Thursday
STU0129,Thursday
STU0130,Thursday
STU0133,Thursday
STU0135,Thursday
STU0137,Thursday
STU0138,Thursday
STU0142,Thursday
STU0143,Thursday
STU0145,Thursday
STU0148,Thursday
STU0150,Thursday
STU0153,Thursday
STU0154,Thursday
STU0159,Thursday
STU0161,Thursday
STU0162,Thursday
STU0163,Thursday
STU0164,Thursday
STU0165,Thursday
STU0167,Thursday
STU0168,Thursday
STU0176,Thursday
STU0181,Thursday
STU0184,Thursday
STU0185,Thursday
STU0188,Thursday
STU0192,Thursday
STU0194,Thursday
STU0197,Thursday
STU0003,Thursday
STU0004,Thursday
STU0009,Thursday
STU0013,Thursday
STU0014,Thursday
STU0020,Thursday
STU0021,Thursday
STU0025,Thursday
STU0026,Thursday
STU0027,Thursday
STU0030,Thursday
STU0031,Thursday
STU0035,Thursday
STU0038,Thursday
STU0040,Thursday
STU0045,Thursday
STU0047,Thursday
STU0048,Thursday
STU0050,Thursday
STU0052,Thursday
STU0053,Thursday
STU0054,Thursday
STU0056,Thursday
STU0059,Thursday
STU0063,Thursday
STU0065,Thursday
STU0068,Thursday
STU0069,Thursday
STU0070,Thursday
STU0071,Thursday
STU0074,Thursday
STU0076,Thursday
STU0077,Thursday
STU0086,Thursday
STU0088,Thursday
STU0089,Thursday
STU0090,Thursday
STU0095,Thursday
STU0096,Thursday
STU0098,Thursday
STU0099,Thursday
STU0103,Thursday
STU0108,Thursday
STU0111,Thursday
STU0112,Thursday
STU0116,Thursday
STU0117,Thursday
STU0119,Thursday
STU0121,Thursday
STU0122,Thursday
STU0126,Thursday
STU0131,Thursday
STU0133,Thursday
STU0137,Thursday
STU0138,Thursday
STU0140,Thursday
STU0147,Thursday
STU0150,Thursday
STU0151,Thursday
STU0153,Thursday
STU0157,Thursday
STU0160,Thursday
STU0162,Thursday
STU0165,Thursday
STU0166,Thursday
STU0175,Thursday
STU0179,Thursday
STU0181,Thursday
STU0182,Thursday
STU0184,Thursday
STU0192,Thursday
STU0193,Thursday
STU0198,Thursday
STU0000,Thursday
STU0003,Thursday
STU0005,Thursday
STU0007,Thursday
STU0009,Thursday
STU0010,Thursday
STU0014,Thursday
STU0018,Thursday
STU0022,Thursday
STU0023,Thursday
STU0025,Thursday
STU0029,Thursday
STU0033,Thursday
STU0037,Thursday
STU0038,Thursday
STU0039,Thursday
STU0041,Thursday
STU0056,Thursday
STU0059,Thursday
STU0060,Thursday
STU0063,Thursday
STU0064,Thursday
STU0066,Thursday
STU0067,Thursday
STU0069,Thursday
STU0073,Thursday
STU0075,Thursday
STU0078,Thursday
STU0079,Thursday
STU0080,Thursday
STU0085,Thursday
STU0091,Thursday
STU0093,Thursday
STU0094,Thursday
STU0096,Thursday
STU0097,Thursday
STU0099,Thursday
STU0101,Thursday
STU0103,Thursday
STU0104,Thursday
STU0115,Thursday
STU0116,Thursday
STU0118,Thursday
STU0123,Thursday
STU0125,Thursday
STU0126,Thursday
STU0128,Thursday
STU0135,Thursday
STU0137,Thursday
STU0143,Thursday
STU0144,Thursday
STU0145,Thursday
STU0150,Thursday
STU0154,Thursday
STU0157,Thursday
STU0158,Thursday
STU0159,Thursday
STU0163,Thursday
STU0167,Thursday
STU0168,Thursday
STU0170,Thursday
STU0171,Thursday
STU0174,Thursday
STU0175,Thursday
STU0176,Thursday
STU0180,Thursday
STU0185,Thursday
STU0186,Thursday
STU0191,Thursday
STU0193,Thursday
STU0199,Thursday
STU0001,Thursday
STU0003,Thursday
STU0004,Thursday
STU0005,Thursday
STU0007,Thursday
STU0015,Thursday
STU0016,Thursday
STU0017,Thursday
STU0020,Thursday
STU0022,Thursday
STU0024,Thursday
STU0025,Thursday
STU0026,Thursday
STU0028,Thursday
STU0030,Thursday
STU0031,Thursday
STU0033,Thursday
STU0035,Thursday
STU0038,Thursday
STU0039,Thursday
STU0041,Thursday
STU0046,Thursday
STU0051,Thursday
STU0052,Thursday
STU0053,Thursday
STU0054,Thursday
STU0060,Thursday
STU0061,Thursday
STU0064,Thursday
STU0065,Thursday
STU0067,Thursday
STU0068,Thursday
STU0070,Thursday
STU0071,Thursday
STU0073,Thursday
STU0076,Thursday
STU0082,Thursday
STU0083,Thursday
STU0084,Thursday
STU0086,Thursday
STU0088,Thursday
STU0090,Thursday
STU0092,Thursday
STU0094,Thursday
STU0098,Thursday
STU0102,Thursday
STU0104,Thursday
STU0105,Thursday
STU0107,Thursday
STU0108,Thursday
STU0111,Thursday
STU0112,Thursday
STU0116,Thursday
STU0120,Thursday
STU0125,Thursday
STU0128,Thursday
STU0129,Thursday
STU0132,Thursday
STU0133,Thursday
STU0134,Thursday
STU0140,Thursday
STU0145,Thursday
STU0149,Thursday
STU0150,Thursday
STU0152,Thursday
STU0154,Thursday
STU0155,Thursday
STU0160,Thursday
STU0161,Thursday
STU0165,Thursday
STU0168,Thursday
STU0170,Thursday
STU0173,Thursday
STU0174,Thursday
STU0178,Thursday
STU0179,Thursday
STU0185,Thursday
STU0186,Thursday
STU0189,Thursday
STU0193,Thursday
STU0194,Thursday
STU0195,Thursday
STU0000,Thursday
STU0002,Thursday
STU0003,Thursday
STU0008,Thursday
STU0009,Thursday
STU0011,Thursday
STU0014,Thursday
STU0019,Thursday
STU0021,Thursday
STU0022,Thursday
STU0025,Thursday
STU0028,Thursday
STU0029,Thursday
STU0030,Thursday
STU0033,Thursday
STU0038,Thursday
STU0041,Thursday
STU0042,Thursday
STU0046,Thursday
STU0049,Thursday
STU0052,Thursday
STU0053,Thursday
STU0055,Thursday
STU0057,Thursday
STU0058,Thursday
STU0060,Thursday
STU0062,Thursday
STU0064,Thursday
STU0066,Thursday
STU0067,Thursday
STU0068,Thursday
STU0069,Thursday
STU0072,Thursday
STU0073,Thursday
STU0082,Thursday
STU0085,Thursday
STU0091,Thursday
STU0094,Thursday
STU0096,Thursday
STU0098,Thursday
STU0099,Thursday
STU0101,Thursday
STU0103,Thursday
STU0106,Thursday
STU0107,Thursday
STU0111,Thursday
STU0112,Thursday
STU0114,Thursday
STU0115,Thursday
STU0116,Thursday
STU0118,Thursday
STU0121,Thursday
STU0122,Thursday
STU0127,Thursday
STU0128,Thursday
STU0131,Thursday
STU0132,Thursday
STU0133,Thursday
STU0136,Thursday
STU0141,Thursday
STU0144,Thursday
STU0145,Thursday
STU0148,Thursday
STU0149,Thursday
STU0150,Thursday
STU0155,Thursday
STU0157,Thursday
STU0159,Thursday
STU0163,Thursday
STU0168,Thursday
STU0170,Thursday
STU0172,Thursday
STU0173,Thursday
STU0175,Thursday
STU0176,Thursday
STU0177,Thursday
STU0178,Thursday
STU0179,Thursday
STU0186,Thursday
STU0188,Thursday
STU0197,Thursday
STU0199,Thursday
STU0001,Tuesday
STU0003,Tuesday
STU0006,Tuesday
STU0010,Tuesday
STU0017,Tuesday
STU0018,Tuesday
STU0020,Tuesday
STU0022,Tuesday
STU0023,Tuesday
STU0024,Tuesday
STU0025,Tuesday
STU0027,Tuesday
STU0029,Tuesday
STU0032,Tuesday
STU0033,Tuesday
STU0034,Tuesday
STU0038,Tuesday
STU0041,Tuesday
STU0042,Tuesday
STU0044,Tuesday
STU0046,Tuesday
STU0047,Tuesday
STU0049,Tuesday
STU0051,Tuesday
STU0052,Tuesday
STU0055,Tuesday
STU0056,Tuesday
STU0057,Tuesday
STU0061,Tuesday
STU0064,Tuesday
STU0068,Tuesday
STU0071,Tuesday
STU0073,Tuesday
STU0074,Tuesday
STU0075,Tuesday
STU0084,Tuesday
STU0090,Tuesday
STU0094,Tuesday
STU0095,Tuesday
STU0096,Tuesday
STU0097,Tuesday
STU0101,Tuesday
STU0102,Tuesday
STU0103,Tuesday
STU0104,Tuesday
STU0106,Tuesday
STU0108,Tuesday
STU0110,Tuesday
STU0113,Tuesday
STU0114,Tuesday
STU0115,Tuesday
STU0116,Tuesday
STU0117,Tuesday
STU0119,Tuesday
STU0123,Tuesday
STU0126,Tuesday
STU0128,Tuesday
STU0129,Tuesday
STU0130,Tuesday
STU0135,Tuesday
STU0144,Tuesday
STU0146,Tuesday
STU0149,Tuesday
STU0151,Tuesday
STU0157,Tuesday
STU0158,Tuesday
STU0159,Tuesday
STU0161,Tuesday
STU0162,Tuesday
STU0163,Tuesday
STU0164,Tuesday
STU0168,Tuesday
STU0170,Tuesday
STU0172,Tuesday
STU0173,Tuesday
STU0174,Tuesday
STU0175,Tuesday
STU0176,Tuesday
STU0178,Tuesday
STU0180,Tuesday
STU0181,Tuesday
STU0183,Tuesday
STU0185,Tuesday
STU0186,Tuesday
STU0187,Tuesday
STU0188,Tuesday
STU0189,Tuesday
STU0192,Tuesday
STU0196,Tuesday
STU0197,Tuesday
STU0000,Tuesday
STU0004,Tuesday
STU0007,Tuesday
STU0009,Tuesday
STU0010,Tuesday
STU0011,Tuesday
STU0012,Tuesday
STU0013,Tuesday
STU0015,Tuesday
STU0016,Tuesday
STU0020,Tuesday
STU0021,Tuesday
STU0022,Tuesday
STU0025,Tuesday
STU0027,Tuesday
STU0028,Tuesday
STU0031,Tuesday
STU0035,Tuesday
STU0036,Tuesday
STU0037,Tuesday
STU0038,Tuesday
STU0042,Tuesday
STU0044,Tuesday
STU0053,Tuesday
STU0055,Tuesday
STU0057,Tuesday
STU0058,Tuesday
STU0060,Tuesday
STU0061,Tuesday
STU0063,Tuesday
STU0064,Tuesday
STU0068,Tuesday
STU0070,Tuesday
STU0072,Tuesday
STU0081,Tuesday
STU0088,Tuesday
STU0089,Tuesday
STU0092,Tuesday
STU0093,Tuesday
STU0095,Tuesday
STU0102,Tuesday
STU0105,Tuesday
STU0109,Tuesday
STU0113,Tuesday
STU0115,Tuesday
STU0121,Tuesday
STU0122,Tuesday
STU0123,Tuesday
STU0130,Tuesday
STU0134,Tuesday
STU0135,Tuesday
STU0138,Tuesday
STU0140,Tuesday
STU0144,Tuesday
STU0145,Tuesday
STU0150,Tuesday
STU0151,Tuesday
STU0156,Tuesday
STU0160,Tuesday
STU0161,Tuesday
STU0162,Tuesday
STU0166,Tuesday
STU0170,Tuesday
STU0171,Tuesday
STU0174,Tuesday
STU0175,Tuesday
STU0178,Tuesday
STU0191,Tuesday
STU0192,Tuesday
STU0193,Tuesday
STU0197,Tuesday
STU0000,Tuesday
STU0002,Tuesday
STU0005,Tuesday
STU0006,Tuesday
STU0007,Tuesday
STU0011,Tuesday
STU0012,Tuesday
STU0013,Tuesday
STU0017,Tuesday
STU0019,Tuesday
STU0020,Tuesday
STU0021,Tuesday
STU0024,Tuesday
STU0025,Tuesday
STU0026,Tuesday
STU0027,Tuesday
STU0029,Tuesday
STU0032,Tuesday
STU0033,Tuesday
STU0034,Tuesday
STU0036,Tuesday
STU0037,Tuesday
STU0038,Tuesday
STU0044,Tuesday
STU0048,Tuesday
STU0051,Tuesday
STU0054,Tuesday
STU0055,Tuesday
STU0056,Tuesday
STU0061,Tuesday
STU0067,Tuesday
STU0069,Tuesday
STU0071,Tuesday
STU0074,Tuesday
STU0076,Tuesday
STU0077,Tuesday
STU0079,Tuesday
STU0080,Tuesday
STU0082,Tuesday
STU0083,Tuesday
STU0085,Tuesday
STU0087,Tuesday
STU0088,Tuesday
STU0089,Tuesday
STU0090,Tuesday
STU0091,Tuesday
STU0097,Tuesday
STU0098,Tuesday
STU0099,Tuesday
STU0101,Tuesday
STU0102,Tuesday
STU0103,Tuesday
STU0104,Tuesday
STU0105,Tuesday
STU0107,Tuesday
STU0109,Tuesday
STU0110,Tuesday
STU0112,Tuesday
STU0113,Tuesday
STU0114,Tuesday
STU0115,Tuesday
STU0119,Tuesday
STU0122,Tuesday
STU0126,Tuesday
STU0132,Tuesday
STU0133,Tuesday
STU0134,Tuesday
STU0136,Tuesday
STU0138,Tuesday
STU0139,Tuesday
STU0141,Tuesday
STU0143,Tuesday
STU0145,Tuesday
STU0150,Tuesday
STU0151,Tuesday
STU0152,Tuesday
STU0153,Tuesday
STU0154,Tuesday
STU0156,Tuesday
STU0157,Tuesday
STU0158,Tuesday
STU0163,Tuesday
STU0164,Tuesday
STU0166,Tuesday
STU0169,Tuesday
STU0172,Tuesday
STU0178,Tuesday
STU0180,Tuesday
STU0183,Tuesday
STU0186,Tuesday
STU0188,Tuesday
STU0189,Tuesday
STU0190,Tuesday
STU0192,Tuesday
STU0193,Tuesday
STU0195,Tuesday
STU0198,Tuesday
STU0000,Tuesday
STU0006,Tuesday
STU0009,Tuesday
STU0010,Tuesday
STU0011,Tuesday
STU0012,Tuesday
STU0014,Tuesday
STU0015,Tuesday
STU0016,Tuesday
STU0017,Tuesday
STU0018,Tuesday
STU0020,Tuesday
STU0023,Tuesday
STU0026,Tuesday
STU0027,Tuesday
STU0029,Tuesday
STU0030,Tuesday
STU0032,Tuesday
STU0034,Tuesday
STU0043,Tuesday
STU0044,Tuesday
STU0047,Tuesday
STU0050,Tuesday
STU0052,Tuesday
STU0054,Tuesday
STU0057,Tuesday
STU0058,Tuesday
STU0062,Tuesday
STU0065,Tuesday
STU0066,Tuesday
STU0069,Tuesday
STU0070,Tuesday
STU0072,Tuesday
STU0075,Tuesday
STU0084,Tuesday
STU0091,Tuesday
STU0094,Tuesday
STU0097,Tuesday
STU0099,Tuesday
STU0102,Tuesday
STU0103,Tuesday
STU0105,Tuesday
STU0114,Tuesday
STU0117,Tuesday
STU0118,Tuesday
STU0120,Tuesday
STU0121,Tuesday
STU0123,Tuesday
STU0126,Tuesday
STU0128,Tuesday
STU0129,Tuesday
STU0130,Tuesday
STU0132,Tuesday
STU0136,Tuesday
STU0138,Tuesday
STU0139,Tuesday
STU0140,Tuesday
STU0141,Tuesday
STU0143,Tuesday
STU0144,Tuesday
STU0145,Tuesday
STU0146,Tuesday
STU0147,Tuesday
STU0151,Tuesday
STU0152,Tuesday
STU0155,Tuesday
STU0156,Tuesday
STU0160,Tuesday
STU0165,Tuesday
STU0167,Tuesday
STU0169,Tuesday
STU0170,Tuesday
STU0173,Tuesday
STU0174,Tuesday
STU0177,Tuesday
STU0179,Tuesday
STU0180,Tuesday
STU0182,Tuesday
STU0184,Tuesday
STU0186,Tuesday
STU0188,Tuesday
STU0189,Tuesday
STU0193,Tuesday
STU0000,Tuesday
STU0003,Tuesday
STU0007,Tuesday
STU0008,Tuesday
STU0012,Tuesday
STU0013,Tuesday
STU0015,Tuesday
STU0018,Tuesday
STU0020,Tuesday
STU0022,Tuesday
STU0031,Tuesday
STU0032,Tuesday
STU0033,Tuesday
STU0035,Tuesday
STU0037,Tuesday
STU0039,Tuesday
STU0040,Tuesday
STU0042,Tuesday
STU0044,Tuesday
STU0046,Tuesday
STU0049,Tuesday
STU0059,Tuesday
STU0060,Tuesday
STU0062,Tuesday
STU0064,Tuesday
STU0067,Tuesday
STU0069,Tuesday
STU0070,Tuesday
STU0071,Tuesday
STU0072,Tuesday
STU0073,Tuesday
STU0074,Tuesday
STU0076,Tuesday
STU0077,Tuesday
STU0078,Tuesday
STU0081,Tuesday
STU0086,Tuesday
STU0088,Tuesday
STU0091,Tuesday
STU0093,Tuesday
STU0094,Tuesday
STU0097,Tuesday
STU0102,Tuesday
STU0105,Tuesday
STU0107,Tuesday
STU0109,Tuesday
STU0112,Tuesday
STU0118,Tuesday
STU0119,Tuesday
STU0121,Tuesday
STU0124,Tuesday
STU0126,Tuesday
STU0132,Tuesday
STU0134,Tuesday
STU0135,Tuesday
STU0136,Tuesday
STU0137,Tuesday
STU0141,Tuesday
STU0142,Tuesday
STU0143,Tuesday
STU0145,Tuesday
STU0146,Tuesday
STU0154,Tuesday
STU0157,Tuesday
STU0161,Tuesday
STU0162,Tuesday
STU0164,Tuesday
STU0165,Tuesday
STU0166,Tuesday
STU0171,Tuesday
STU0172,Tuesday
STU0173,Tuesday
STU0178,Tuesday
STU0183,Tuesday
STU0188,Tuesday
STU0192,Tuesday
STU0195,Tuesday
STU0002,Wednesday
STU0004,Wednesday
STU0005,Wednesday
STU0011,Wednesday
STU0015,Wednesday
STU0016,Wednesday
STU0018,Wednesday
STU0021,Wednesday
STU0022,Wednesday
STU0024,Wednesday
STU0025,Wednesday
STU0029,Wednesday
STU0031,Wednesday
STU0034,Wednesday
STU0036,Wednesday
STU0045,Wednesday
STU0052,Wednesday
STU0053,Wednesday
STU0057,Wednesday
STU0059,Wednesday
STU0063,Wednesday
STU0067,Wednesday
STU0072,Wednesday
STU0073,Wednesday
STU0077,Wednesday
STU0078,Wednesday
STU0080,Wednesday
STU0083,Wednesday
STU0086,Wednesday
STU0088,Wednesday
STU0091,Wednesday
STU0092,Wednesday
STU0093,Wednesday
STU0094,Wednesday
STU0095,Wednesday
STU0098,Wednesday
STU0099,Wednesday
STU0100,Wednesday
STU0101,Wednesday
STU0103,Wednesday
STU0104,Wednesday
STU0107,Wednesday
STU0110,Wednesday
STU0111,Wednesday
STU0114,Wednesday
STU0115,Wednesday
STU0117,Wednesday
STU0118,Wednesday
STU0119,Wednesday
STU0121,Wednesday
STU0123,Wednesday
STU0124,Wednesday
STU0127,Wednesday
STU0131,Wednesday
STU0133,Wednesday
STU0135,Wednesday
STU0138,Wednesday
STU0142,Wednesday
STU0145,Wednesday
STU0146,Wednesday
STU0153,Wednesday
STU0154,Wednesday
STU0157,Wednesday
STU0164,Wednesday
STU0167,Wednesday
STU0168,Wednesday
STU0170,Wednesday
STU0173,Wednesday
STU0174,Wednesday
STU0177,Wednesday
STU0178,Wednesday
STU0181,Wednesday
STU0182,Wednesday
STU0186,Wednesday
STU0187,Wednesday
STU0191,Wednesday
STU0194,Wednesday
STU0195,Wednesday
STU0197,Wednesday
STU0001,Wednesday
STU0010,Wednesday
STU0011,Wednesday
STU0013,Wednesday
STU0015,Wednesday
STU0017,Wednesday
STU0018,Wednesday
STU0020,Wednesday
STU0021,Wednesday
STU0022,Wednesday
STU0023,Wednesday
STU0025,Wednesday
STU0026,Wednesday
STU0027,Wednesday
STU0028,Wednesday
STU0029,Wednesday
STU0031,Wednesday
STU0032,Wednesday
STU0033,Wednesday
STU0036,Wednesday
STU0038,Wednesday
STU0040,Wednesday
STU0042,Wednesday
STU0044,Wednesday
STU0045,Wednesday
STU0051,Wednesday
STU0054,Wednesday
STU0059,Wednesday
STU0064,Wednesday
STU0066,Wednesday
STU0067,Wednesday
STU0068,Wednesday
STU0069,Wednesday
STU0074,Wednesday
STU0075,Wednesday
STU0076,Wednesday
STU0077,Wednesday
STU0080,Wednesday
STU0082,Wednesday
STU0084,Wednesday
STU0087,Wednesday
STU0090,Wednesday
STU0092,Wednesday
STU0095,Wednesday
STU0097,Wednesday
STU0098,Wednesday
STU0102,Wednesday
STU0103,Wednesday
STU0104,Wednesday
STU0105,Wednesday
STU0107,Wednesday
STU0109,Wednesday
STU0111,Wednesday
STU0112,Wednesday
STU0113,Wednesday
STU0114,Wednesday
STU0116,Wednesday
STU0117,Wednesday
STU0118,Wednesday
STU0121,Wednesday
STU0123,Wednesday
STU0128,Wednesday
STU0129,Wednesday
STU0130,Wednesday
STU0131,Wednesday
STU0133,Wednesday
STU0137,Wednesday
STU0139,Wednesday
STU0144,Wednesday
STU0147,Wednesday
STU0151,Wednesday
STU0154,Wednesday
STU0157,Wednesday
STU0161,Wednesday
STU0164,Wednesday
STU0166,Wednesday
STU0167,Wednesday
STU0169,Wednesday
STU0170,Wednesday
STU0172,Wednesday
STU0173,Wednesday
STU0174,Wednesday
STU0177,Wednesday
STU0179,Wednesday
STU0180,Wednesday
STU0184,Wednesday
STU0188,Wednesday
STU0189,Wednesday
STU0195,Wednesday
STU0199,Wednesday
STU0002,Wednesday
STU0004,Wednesday
STU0005,Wednesday
STU0007,Wednesday
STU0009,Wednesday
STU0013,Wednesday
STU0014,Wednesday
STU0016,Wednesday
STU0017,Wednesday
STU0018,Wednesday
STU0020,Wednesday
STU0022,Wednesday
STU0023,Wednesday
STU0026,Wednesday
STU0032,Wednesday
STU0036,Wednesday
STU0037,Wednesday
STU0038,Wednesday
STU0039,Wednesday
STU0041,Wednesday
STU0045,Wednesday
STU0047,Wednesday
STU0050,Wednesday
STU0051,Wednesday
STU0056,Wednesday
STU0057,Wednesday
STU0060,Wednesday
STU0062,Wednesday
STU0063,Wednesday
STU0064,Wednesday
STU0065,Wednesday
STU0068,Wednesday
STU0070,Wednesday
STU0071,Wednesday
STU0073,Wednesday
STU0078,Wednesday
STU0080,Wednesday
STU0083,Wednesday
STU0084,Wednesday
STU0086,Wednesday
STU0095,Wednesday
STU0097,Wednesday
STU0098,Wednesday
STU0105,Wednesday
STU0109,Wednesday
STU0112,Wednesday
STU0115,Wednesday
STU0117,Wednesday
STU0118,Wednesday
STU0119,Wednesday
STU0120,Wednesday
STU0121,Wednesday
STU0122,Wednesday
STU0125,Wednesday
STU0126,Wednesday
STU0127,Wednesday
STU0131,Wednesday
STU0134,Wednesday
STU0136,Wednesday
STU0147,Wednesday
STU0150,Wednesday
STU0152,Wednesday
STU0154,Wednesday
STU0155,Wednesday
STU0159,Wednesday
STU0161,Wednesday
STU0167,Wednesday
STU0169,Wednesday
STU0170,Wednesday
STU0172,Wednesday
STU0174,Wednesday
STU0175,Wednesday
STU0177,Wednesday
STU0181,Wednesday
STU0184,Wednesday
STU0185,Wednesday
STU0186,Wednesday
STU0188,Wednesday
STU0189,Wednesday
STU0191,Wednesday
STU0192,Wednesday
STU0194,Wednesday
STU0196,Wednesday
STU0002,Wednesday
STU0003,Wednesday
STU0005,Wednesday
STU0009,Wednesday
STU0014,Wednesday
STU0015,Wednesday
STU0017,Wednesday
STU0019,Wednesday
STU0023,Wednesday
STU0027,Wednesday
STU0029,Wednesday
STU0030,Wednesday
STU0033,Wednesday
STU0038,Wednesday
STU0040,Wednesday
STU0042,Wednesday
STU0043,Wednesday
STU0044,Wednesday
STU0046,Wednesday
STU0048,Wednesday
STU0050,Wednesday
STU0053,Wednesday
STU0054,Wednesday
STU0056,Wednesday
STU0059,Wednesday
STU0062,Wednesday
STU0063,Wednesday
STU0064,Wednesday
STU0069,Wednesday
STU0072,Wednesday
STU0073,Wednesday
STU0077,Wednesday
STU0080,Wednesday
STU0083,Wednesday
STU0085,Wednesday
STU0086,Wednesday
STU0088,Wednesday
STU0089,Wednesday
STU0096,Wednesday
STU0100,Wednesday
STU0102,Wednesday
STU0104,Wednesday
STU0105,Wednesday
STU0107,Wednesday
STU0110,Wednesday
STU0118,Wednesday
STU0121,Wednesday
STU0122,Wednesday
STU0126,Wednesday
STU0127,Wednesday
STU0128,Wednesday
STU0132,Wednesday
STU0141,Wednesday
STU0146,Wednesday
STU0149,Wednesday
STU0150,Wednesday
STU0151,Wednesday
STU0153,Wednesday
STU0154,Wednesday
STU0157,Wednesday
STU0158,Wednesday
STU0163,Wednesday
STU0165,Wednesday
STU0167,Wednesday
STU0171,Wednesday
STU0175,Wednesday
STU0176,Wednesday
STU0178,Wednesday
STU0187,Wednesday
STU0188,Wednesday
STU0192,Wednesday
STU0194,Wednesday
STU0196,Wednesday
STU0001,Wednesday
STU0004,Wednesday
STU0005,Wednesday
STU0007,Wednesday
STU0009,Wednesday
STU0015,Wednesday
STU0017,Wednesday
STU0019,Wednesday
STU0026,Wednesday
STU0027,Wednesday
STU0029,Wednesday
STU0034,Wednesday
STU0035,Wednesday
STU0036,Wednesday
STU0042,Wednesday
STU0043,Wednesday
STU0045,Wednesday
STU0046,Wednesday
STU0047,Wednesday
STU0050,Wednesday
STU0051,Wednesday
STU0059,Wednesday
STU0060,Wednesday
STU0065,Wednesday
STU0073,Wednesday
STU0074,Wednesday
STU0076,Wednesday
STU0079,Wednesday
STU0081,Wednesday
STU0082,Wednesday
STU0086,Wednesday
STU0087,Wednesday
STU0090,Wednesday
STU0093,Wednesday
STU0094,Wednesday
STU0095,Wednesday
STU0099,Wednesday
STU0100,Wednesday
STU0105,Wednesday
STU0107,Wednesday
STU0108,Wednesday
STU0110,Wednesday
STU0115,Wednesday
STU0116,Wednesday
STU0121,Wednesday
STU0122,Wednesday
STU0124,Wednesday
STU0125,Wednesday
STU0129,Wednesday
STU0132,Wednesday
STU0134,Wednesday
STU0137,Wednesday
STU0139,Wednesday
STU0140,Wednesday
STU0143,Wednesday
STU0145,Wednesday
STU0148,Wednesday
STU0149,Wednesday
STU0151,Wednesday
STU0152,Wednesday
STU0154,Wednesday
STU0155,Wednesday
STU0157,Wednesday
STU0160,Wednesday
STU0162,Wednesday
STU0164,Wednesday
STU0168,Wednesday
STU0170,Wednesday
STU0174,Wednesday
STU0178,Wednesday
STU0180,Wednesday
STU0184,Wednesday
STU0189,Wednesday
STU0192,Wednesday
STU0195,Wednesday
STU0197,Wednesday
STU0198,Wednesday
